{
  "yang-configure": {
    "name": "Yang Configure",
    "path": "/assets/libnetconf/tools/yang-configure.js",
    "image": "/assets/libnetconf/tools/img/configure.png",
    "description": "Configure devices using the NETCONF protocol"
  },
  "yang-explorer": {
    "name": "Yang Explorer",
    "path": "/assets/libnetconf/tools/yang-explorer.js",
    "image": "/assets/libnetconf/tools/img/explorer.png",
    "description": "Browse uploaded yang schemas"
  },
  "example": {
    "name": "Example tool",
    "path": "/assets/libnetconf/tools/example.js",
    "image": "/assets/libnetconf/tools/img/example.png",
    "description": "Does nothing... yet."
  },
  "color-picker": {
    "name": "Color picker",
    "path": "/assets/libnetconf/tools/color-picker.js",
    "image": "/assets/libnetconf/tools/img/example.png",
    "description": "Pick a color for RGB enabled devices."
  }
}
