{
  "$schema": "./node_modules/@angular/cli/lib/config/schema.json",
  "version": 1,
  "newProjectRoot": "projects",
  "projects": {
    "liberouter-gui": {
      "root": "",
      "sourceRoot": "src",
      "projectType": "application",
      "architect": {
        "build": {
          "builder": "@angular-devkit/build-angular:browser",
          "options": {
            "outputPath": "dist",
            "preserveSymlinks": true,
            "index": "src/index.html",
            "main": "src/main.ts",
            "tsConfig": "src/tsconfig.app.json",
            "polyfills": "src/polyfills.ts",
            "assets": [
              {
                "glob": "**/**/*",
                "input": "src/assets",
                "output": "/assets"
              },
              {
                "glob": "**/*",
                "input": "./node_modules/font-awesome/fonts/*.+(otf|eot|svg|ttf|woff|woff2)",
                "output": "/assets"
              },
              "src/favicon.png",
              "src/.htaccess"
            ],
            "styles": [
              "node_modules/bootstrap/dist/css/bootstrap.min.css",
              "src/styles/main.scss"
            ],
            "scripts": []
          },
          "configurations": {
            "production": {
              "optimization": true,
              "outputHashing": "all",
              "sourceMap": false,
              "extractCss": true,
              "namedChunks": false,
              "aot": true,
              "extractLicenses": true,
              "vendorChunk": false,
              "buildOptimizer": true,
              "fileReplacements": [
                {
                  "replace": "src/environments/environment.ts",
                  "with": "src/environments/environment.prod.ts"
                }
              ]
            }
          }
        },
        "serve": {
          "builder": "@angular-devkit/build-angular:dev-server",
          "options": {
            "browserTarget": "liberouter-gui:build"
          },
          "configurations": {
            "production": {
              "browserTarget": "liberouter-gui:build:production"
            }
          }
        },
        "extract-i18n": {
          "builder": "@angular-devkit/build-angular:extract-i18n",
          "options": {
            "browserTarget": "liberouter-gui:build"
          }
        },
        "test": {
          "builder": "@angular-devkit/build-angular:karma",
          "options": {
            "main": "src/test.ts",
            "karmaConfig": "./karma.conf.js",
            "polyfills": "src/polyfills.ts",
            "tsConfig": "src/tsconfig.spec.json",
            "scripts": [],
            "styles": [
              "src/styles/main.scss",
              "node_modules/bootstrap/dist/css/bootstrap.min.css"
            ],
            "assets": [
              {
                "glob": "**/**/*",
                "input": "src/assets",
                "output": "/assets"
              },
              "src/favicon.png",
              "src/.htaccess",
                {
                    "glob": "**/*",
                    "input": "./node_modules/font-awesome/fonts/*.+(otf|eot|svg|ttf|woff|woff2)",
                    "output": "/assets"
                }
            ]
          }
        },
        "lint": {
          "builder": "@angular-devkit/build-angular:tslint",
          "options": {
            "tsConfig": [
              "src/tsconfig.app.json",
              "src/tsconfig.spec.json"
            ],
            "exclude": []
          }
        }
      }
    },
    "liberouter-gui-e2e": {
      "root": "",
      "sourceRoot": "e2e",
      "projectType": "application",
      "architect": {
        "e2e": {
          "builder": "@angular-devkit/build-angular:protractor",
          "options": {
            "protractorConfig": "./protractor.conf.js",
            "devServerTarget": "liberouter-gui:serve"
          }
        },
        "lint": {
          "builder": "@angular-devkit/build-angular:tslint",
          "options": {
            "tsConfig": [
              "e2e/tsconfig.e2e.json"
            ],
            "exclude": []
          }
        }
      }
    }
  },
  "defaultProject": "liberouter-gui",
  "schematics": {
    "@schematics/angular:component": {
      "inlineTemplate": false,
      "spec": true,
      "prefix": "",
      "styleext": "scss"
    },
    "@schematics/angular:directive": {
      "prefix": ""
    }
  }
}
