{
    "name": "liberouter-gui",
    "version": "1.0.0",
    "license": "MIT",
    "angular-cli": {},
    "scripts": {
        "ng": "ng",
        "start": "ng serve --proxy-config proxy.json",
        "build": "ng build --prod --aot=false --build-optimizer=false",
        "test": "ng test",
        "lint": "ng lint",
        "e2e": "ng e2e"
    },
    "private": true,
    "dependencies": {
        "@angular/animations": "^6.0.0",
        "@angular/cli": "^6.0.0",
        "@angular/common": "^6.0.0",
        "@angular/compiler": "^6.0.0",
        "@angular/core": "^6.0.0",
        "@angular/forms": "^6.0.0",
        "@angular/http": "^6.0.0",
        "@angular/platform-browser": "^6.0.0",
        "@angular/platform-browser-dynamic": "^6.0.0",
        "@angular/router": "^6.0.0",
        "@ng-bootstrap/ng-bootstrap": "^2.0.0",
        "bootstrap": "4.0.0",
        "core-js": "^2.4.1",
        "font-awesome": "^4.7.0",
        "jquery": "^1.9.1",
        "popper.js": "^1.12.9",
        "rxjs": "^6.3.3",
        "rxjs-compat": "^6.2.0",
        "zone.js": "^0.8.26",
        "@angular/material": "^6.0.0",
        "@angular/cdk": "^6.0.0",
        "socket.io-client": "^2.0.0"
    },
    "devDependencies": {
        "@angular/compiler-cli": "^6.0.0",
        "@angular/language-service": "^6.0.0",
        "@types/jasmine": "2.5.45",
        "@types/node": "~6.0.60",
        "codelyzer": "~3.0.1",
        "jasmine-core": "~2.6.2",
        "jasmine-spec-reporter": "~4.1.0",
        "karma": "~1.7.0",
        "karma-chrome-launcher": "~2.1.1",
        "karma-cli": "~1.0.1",
        "karma-coverage-istanbul-reporter": "^1.2.1",
        "karma-jasmine": "~1.1.0",
        "karma-jasmine-html-reporter": "^0.2.2",
        "protractor": "~5.1.2",
        "ts-node": "~3.0.4",
        "tslint": "~5.3.2",
        "typescript": "~2.8",
        "@angular-devkit/build-angular": "~0.6.8"
    },
    "description": "Web interface for Liberouter GUI. Built using webpack.",
    "repository": {
        "type": "git",
        "url": "git+https://github.com/CESNET/liberouter-gui.git"
    },
    "author": "",
    "bugs": {
        "url": "https://github.com/CESNET/liberouter-gui/issues"
    },
    "homepage": "https://github.com/CESNET/liberouter-gui#readme"
}
