{
  "logo": "assets/img/logo.png",
  "name": "Liberouter GUI",
  "authorization" : true,
  "colorTheme": {
    "colorMain": "#008545",
    "colorHighlight": "#016d39",
    "colorSelected": "#00a354",
    "colorSelected2": "#00b55d",
    "colorBackground": "#fafafa",
    "colorItemBackground": "#fff",
    "colorText": "#231f20",
    "colorTextInverse": "#fff",
    "colorLink": "#0068a2",
    "colorLinkHover": "#00a1e3",
    "colorHeading": "#555"
  },
  "assets": {
    "input": "example/assets",
    "output": "example"
  },
  "api": {
    "url": "/libapi",
    "host": null,
    "port": null,
    "proto": null
  }
}
